{"config":{"bobcats":[422,554,535,478,600,543],"fractions":{"aztec":{"color":"FF01FCFF","skins":[114,41,190,116,115,44,48,292],"state":false},"ballas":{"color":"FFB313E7","skins":[103,195,102,104,21],"state":false},"grove":{"color":"FF009F00","skins":[105,56,106,107,269,271,270,86,149,297],"state":false},"lcn":{"color":"FFDDA701","skins":[124,91,12,127,223,113],"state":false},"rifa":{"color":"FF2A9170","skins":[175,226,174,173,119],"state":false},"rm":{"color":"FFB4B5B7","skins":[112,111,214,216,126,125],"state":false},"vagos":{"color":"FFFFDE24","skins":[108,190,41,109,110,47],"state":false},"yakuza":{"color":"FFFF0000","skins":[123,169,263,186,117,120],"state":false}}}}