{"config":{"bobcats":[422,554,535,478,543],"fractions":{"aztec":{"color":"FF0DEDFF","skins":[114,115,116,292,41],"state":false},"ballas":{"color":"FFC515FF","skins":[102,103,104,195],"state":false},"grove":{"color":"FF09A400","skins":[105,106,107,269,270,271,56],"state":false},"lcn":{"color":"FFF4B800","skins":null,"state":false},"rifa":{"color":"FF2EA07B","skins":[226,273,175,174,173],"state":false},"rm":{"color":"FFB8B6B6","skins":null,"state":false},"vagos":{"color":"FFFFDE24","skins":[190,108,109,110,47],"state":false},"yakuza":{"color":"FFFF0606","skins":null,"state":false}}}}